<?xml version="1.0" encoding="utf-8"?>
<!--/364257/1101914/2.50/4/4/Integrated Circuit/-->
<quadcept_library>
  <setting unit="mil" />
  <textstyle name="Default" height="47.244094488189" strokewidth="7.8740157480315" charwidth="47.244094488189" />
  <textstyle name="Dimension" height="19.6850393700787" strokewidth="0" charwidth="19.6850393700787" />
  <textstyle name="H127W0635TH00762" height="50" strokewidth="3" charwidth="25" />
  <textstyle name="H15W15TH02" height="59.0551181102362" strokewidth="7.8740157480315" charwidth="59.0551181102362" />
  <padstyle name="c174_h116" surface="False" plated="True" isvia="False" nopaste="True" nomask="True" complex="False" holesize="45.669291338582">
    <padshape layer="TOP" shape="round" width="68.503937007873" height="68.503937007873" />
    <padshape layer="TOP_SOLDER_MASK" shape="round" width="76.377952755905" height="76.377952755905" />
    <padshape layer="INNER" shape="round" width="68.503937007873" height="68.503937007873" />
    <padshape layer="BOTTOM" shape="round" width="68.503937007873" height="68.503937007873" />
    <padshape layer="BOTTOM_SOLDER_MASK" shape="round" width="76.377952755905" height="76.377952755905" />
  </padstyle>
  <padstyle name="s174_h116" surface="False" plated="True" isvia="False" nopaste="True" nomask="True" complex="False" holesize="45.669291338582">
    <padshape layer="TOP" shape="square" width="68.503937007873" height="68.503937007873" />
    <padshape layer="TOP_SOLDER_MASK" shape="square" width="76.377952755905" height="76.377952755905" />
    <padshape layer="INNER" shape="round" width="68.503937007873" height="68.503937007873" />
    <padshape layer="BOTTOM" shape="square" width="68.503937007873" height="68.503937007873" />
    <padshape layer="BOTTOM_SOLDER_MASK" shape="square" width="76.377952755905" height="76.377952755905" />
  </padstyle>
  <footprint name="TO254P480X1000X1900-4P" originx="0" originy="0" pickpointx="0" pickpointy="0">
    <pcbpin number="1" name="1" style="s174_h116" originx="0" originy="0" rotation="90" />
    <pcbpin number="2" name="2" style="c174_h116" originx="99.999999999999" originy="0" rotation="90" />
    <pcbpin number="3" name="3" style="c174_h116" originx="200" originy="0" rotation="90" />
    <pcbpin number="4" name="4" style="c174_h116" originx="300" originy="0" rotation="90" />
    <line layer="TOP_PLACE_BOUND" originx="-62.59842519685" originy="133.85826771653" endx="362.59842519685" endy="133.85826771653" width="1.9685039370079" />
    <line layer="TOP_PLACE_BOUND" originx="362.59842519685" originy="133.85826771653" endx="362.59842519685" endy="-74.803149606298" width="1.9685039370079" />
    <line layer="TOP_PLACE_BOUND" originx="362.59842519685" originy="-74.803149606298" endx="-62.59842519685" endy="-74.803149606298" width="1.9685039370079" />
    <line layer="TOP_PLACE_BOUND" originx="-62.59842519685" originy="-74.803149606298" endx="-62.59842519685" endy="133.85826771653" width="1.9685039370079" />
    <line layer="TOP_ASSEMBLY" originx="-52.75590551181" originy="124.01574803149" endx="352.75590551181" endy="124.01574803149" width="3.9370078740157" />
    <line layer="TOP_ASSEMBLY" originx="352.75590551181" originy="124.01574803149" endx="352.75590551181" endy="-64.960629921259" width="3.9370078740157" />
    <line layer="TOP_ASSEMBLY" originx="352.75590551181" originy="-64.960629921259" endx="-52.75590551181" endy="-64.960629921259" width="3.9370078740157" />
    <line layer="TOP_ASSEMBLY" originx="-52.75590551181" originy="-64.960629921259" endx="-52.75590551181" endy="124.01574803149" width="3.9370078740157" />
    <line layer="TOP_ASSEMBLY" originx="-52.75590551181" originy="74.015748031495" endx="-2.755905511811" endy="124.01574803149" width="3.9370078740157" />
    <line layer="TOP_SILKSCREEN" originx="352.75590551181" originy="-64.960629921259" endx="352.75590551181" endy="124.01574803149" width="7.8740157480314" />
    <line layer="TOP_SILKSCREEN" originx="352.75590551181" originy="124.01574803149" endx="-52.75590551181" endy="124.01574803149" width="7.8740157480314" />
    <line layer="TOP_SILKSCREEN" originx="-52.75590551181" originy="124.01574803149" endx="-52.75590551181" endy="0" width="7.8740157480314" />
  </footprint>
  <symbol name="NJM2396F05" originx="0" originy="0">
    <line originx="200" originy="100" endx="1200" endy="100" width="0" />
    <line originx="1200" originy="-400" endx="1200" endy="100" width="0" />
    <line originx="1200" originy="-400" endx="200" endy="-400" width="0" />
    <line originx="200" originy="100" endx="200" endy="-400" width="0" />
    <sympin number="1" originx="200" originy="0" rotation="180" length="100" width="7.8740157480315" flipped="False">
      <text name="pinname" originx="230" originy="0" style="Default" rotation="0" justify="left" flipped="False" hidden="False" data="VIN" />
      <text name="pindes" originx="140" originy="20" style="Default" rotation="0" justify="lowerright" flipped="False" hidden="False" data="1" />
    </sympin>
    <sympin number="2" originx="200" originy="-100" rotation="180" length="100" width="7.8740157480315" flipped="False">
      <text name="pinname" originx="230" originy="-100" style="Default" rotation="0" justify="left" flipped="False" hidden="False" data="VOUT" />
      <text name="pindes" originx="140" originy="-80" style="Default" rotation="0" justify="lowerright" flipped="False" hidden="False" data="2" />
    </sympin>
    <sympin number="3" originx="200" originy="-200" rotation="180" length="100" width="7.8740157480315" flipped="False">
      <text name="pinname" originx="230" originy="-200" style="Default" rotation="0" justify="left" flipped="False" hidden="False" data="GND" />
      <text name="pindes" originx="140" originy="-180" style="Default" rotation="0" justify="lowerright" flipped="False" hidden="False" data="3" />
    </sympin>
    <sympin number="4" originx="200" originy="-300" rotation="180" length="100" width="7.8740157480315" flipped="False">
      <text name="pinname" originx="230" originy="-300" style="Default" rotation="0" justify="left" flipped="False" hidden="False" data="ON/OFF_CONTROL" />
      <text name="pindes" originx="140" originy="-280" style="Default" rotation="0" justify="lowerright" flipped="False" hidden="False" data="4" />
    </sympin>
  </symbol>
  <component name="NJM2396F05" designatorprefix="IC" height="188.97637795275" footprint="TO254P480X1000X1900-4P">
    <comppin designator="1" sympin="1" pinswap="0" gateswap="0" gate="1" group="1" side="" type="Any" name="VIN" />
    <comppin designator="2" sympin="2" pinswap="0" gateswap="0" gate="1" group="1" side="" type="Any" name="VOUT" />
    <comppin designator="3" sympin="3" pinswap="0" gateswap="0" gate="1" group="1" side="" type="Any" name="GND" />
    <comppin designator="4" sympin="4" pinswap="0" gateswap="0" gate="1" group="1" side="" type="Any" name="ON/OFF_CONTROL" />
    <attached_symbol gate="1" name="NJM2396F05" />
    <pinmap designator="1" footprintpin="1" />
    <pinmap designator="2" footprintpin="2" />
    <pinmap designator="3" footprintpin="3" />
    <pinmap designator="4" footprintpin="4" />
    <text name="Datasheet" originx="0" originy="0" style="Default" rotation="0" justify="" flipped="False" hidden="True" data="https://datasheet.datasheetarchive.com/originals/distributors/Datasheets-DGA25/1802734.pdf" />
    <text name="Description" originx="0" originy="0" style="Default" rotation="0" justify="" flipped="False" hidden="True" data="LDO Voltage Regulators LDO w/On/Off Cntrl" />
    <text name="Mouser Part Number" originx="0" originy="0" style="Default" rotation="0" justify="" flipped="False" hidden="True" data="513-NJM2396F05" />
    <text name="Mouser Price/Stock" originx="0" originy="0" style="Default" rotation="0" justify="" flipped="False" hidden="True" data="https://www.mouser.co.uk/ProductDetail/NJR/NJM2396F05?qs=uTtZEXA6qg9fe3K1fQPnMA%3D%3D" />
    <text name="Manufacturer_Name" originx="0" originy="0" style="Default" rotation="0" justify="" flipped="False" hidden="True" data="New Japan Radio" />
    <text name="Manufacturer_Part_Number" originx="1250" originy="200" style="Default" rotation="0" justify="left" flipped="False" hidden="False" data="NJM2396F05" />
  </component>
</quadcept_library>
